date	place	strikes
2015-06-01	Al Hasakah	4
2015-06-01	Kobani	1
2015-06-01	Al Huwayjah	1
2015-06-01	Bayji	2
2015-06-01	Fallujah	1
2015-06-01	Makhmur	2
2015-06-01	Mosul	1
2015-06-01	Sinjar	2
2015-06-01	Tal Afar	1
2015-06-02	Al Hasakah	2
2015-06-02	Dayr Az Zawr	2
2015-06-02	Al Baghdadi	1
2015-06-02	Al Huwayjah	1
2015-06-02	Ar Rutbah	1
2015-06-02	Bayji	3
2015-06-02	Fallujah	1
2015-06-02	Kirkuk	1
2015-06-02	Mosul	2
2015-06-02	Ramadi	3
2015-06-02	Sinjar	2
2015-06-02	Tal Afar	3
2015-06-03	Al Hasakah	4
2015-06-03	Ar Raqqah	2
2015-06-03	Kobani	2
2015-06-03	Al Baghdadi	1
2015-06-03	Bayji	3
2015-06-03	Mosul	1
2015-06-03	Ramadi	1
2015-06-03	Sinjar	2
2015-06-03	Tal Afar	1
2015-06-07	Dayr Az Zawr	2
2015-06-07	Kobani	5
2015-06-07	Al Baghdadi	2
2015-06-07	Bayji	3
2015-06-07	Hit	1
2015-06-07	Makhmur	1
2015-06-07	Mosul	3
2015-06-07	Sinjar	2
2015-06-07	Tal Afar	2
2015-06-08	Ar Raqqah	3
2015-06-08	Kobani	6
2015-06-08	Bayji	3
2015-06-08	Kirkuk	1
2015-06-08	Makhmur	2
2015-06-08	Mosul	4
2015-06-08	Tal Afar	4
2015-06-09	Al Hasakah	1
2015-06-09	Ar Raqqah	3
2015-06-09	Dayr Az Zawr	1
2015-06-09	Al Baghdadi	1
2015-06-09	Bayji	5
2015-06-09	Kirkuk	1
2015-06-09	Makhmur	2
2015-06-09	Mosul	2
2015-06-09	Sinjar	1
2015-06-09	Tal Afar	4
2015-06-10	Al Hasakah	1
2015-06-10	Ar Raqqah	7
2015-06-10	Dayr Az Zawr	4
2015-06-10	Kobani	4
2015-06-10	Al Qaim	1
2015-06-10	Bayji	4
2015-06-10	Haditha	1
2015-06-10	Kirkuk	1
2015-06-10	Mosul	3
2015-06-10	Sinjar	1
2015-06-10	Tal Afar	2
2015-06-11	Ar Raqqah	4
2015-06-11	Dayr Az Zawr	4
2015-06-11	Kobani	2
2015-06-11	Kirkuk	3
2015-06-11	Mosul	2
2015-06-11	Ramadi	2
2015-06-11	Tal Afar	4
2015-06-11	Waleed	2
2015-06-12	Kobani	3
2015-06-12	Al Baghdadi	2
2015-06-12	Al Huwayjah	1
2015-06-12	Bayji	1
2015-06-12	Makhmur	1
2015-06-12	Mosul	3
2015-06-12	Sinjar	2
2015-06-12	Tal Afar	2
2015-06-14	Al Hasakah	1
2015-06-14	Kobani	2
2015-06-14	Al Baghdadi	1
2015-06-14	Al Huwayjah	2
2015-06-14	Al Qaim	1
2015-06-14	Bayji	1
2015-06-14	Makhmur	4
2015-06-14	Mosul	2
2015-06-14	Ramadi	1
2015-06-14	Sinjar	1
2015-06-14	Tal Afar	3
2015-06-15	Ar Raqqah	1
2015-06-15	Kobani	3
2015-06-15	Tal Abyad	5
2015-06-15	Al Baghdadi	1
2015-06-15	Al Huwayjah	1
2015-06-15	Bayji	1
2015-06-15	Fallujah	1
2015-06-15	Makhmur	1
2015-06-15	Mosul	7
2015-06-15	Ramadi	1
2015-06-15	Sinjar	1
2015-06-15	Tal Afar	2
2015-06-16	Al Hasakah	2
2015-06-16	Aleppo	1
2015-06-16	Kobani	1
2015-06-16	Al Baghdadi	1
2015-06-16	Al Huwayjah	1
2015-06-16	Bayji	1
2015-06-16	Mosul	1
2015-06-16	Sinjar	3
2015-06-17	Al Hasakah	1
2015-06-17	Dayr Az Zawr	1
2015-06-17	Tal Abyad	4
2015-06-17	Al Baghdadi	1
2015-06-17	Al Huwayjah	1
2015-06-17	Bayji	1
2015-06-17	Fallujah	2
2015-06-17	Ramadi	4
2015-06-17	Sinjar	2
2015-06-17	Tal Afar	5
2015-06-18	Ar Raqqah	1
2015-06-18	Al Hasakah	1
2015-06-18	Dayr Az Zawr	4
2015-06-18	Tal Abyad	5
2015-06-18	Al Huwayjah	2
2015-06-18	Bayji	2
2015-06-18	Fallujah	2
2015-06-18	Makhmur	1
2015-06-18	Mosul	5
2015-06-18	Sinjar	1
2015-06-19	Al Hasakah	1
2015-06-19	Ar Raqqah	2
2015-06-19	Tal Abyad	3
2015-06-19	Al Qaim	1
2015-06-19	Bayji	3
2015-06-19	Fallujah	1
2015-06-19	Makhmur	1
2015-06-19	Mosul	6
2015-06-19	Ramadi	2
2015-06-19	Sinjar	1
2015-06-19	Tal Afar	1
2015-06-20	Tal Abyad	3
2015-06-20	Al Baghdadi	1
2015-06-20	Ar Rutbah	1
2015-06-20	Bayji	1
2015-06-20	Fallujah	2
2015-06-20	Haditha	2
2015-06-20	Makhmur	2
2015-06-20	Mosul	4
2015-06-20	Sinjar	1
2015-06-20	Tal Afar	4
2015-06-21	Al Hasakah	1
2015-06-21	Aleppo	1
2015-06-21	Tal Abyad	5
2015-06-21	Al Baghdadi	2
2015-06-21	Habbaniyah	1
2015-06-21	Haditha	1
2015-06-21	Hit	1
2015-06-21	Makhmur	3
2015-06-21	Mosul	5
2015-06-21	Ramadi	1
2015-06-21	Sinjar	5
2015-06-21	Tal Afar	3
2015-06-22	Tal Abyad	3
2015-06-22	Habbaniyah	1
2015-06-22	Hit	1
2015-06-22	Kirkuk	1
2015-06-22	Mosul	3
2015-06-22	Ramadi	4
2015-06-22	Sinjar	1
2015-06-22	Tal Afar	1
2015-06-22	Waleed	1
2015-06-23	Tal Abyad	1
2015-06-23	Bayji	1
2015-06-23	Haditha	1
2015-06-23	Sinjar	4
2015-06-23	Tal Afar	2
2015-06-24	Al Hasakah	1
2015-06-24	Aleppo	1
2015-06-24	Tal Abyad	1
2015-06-24	Al Baghdadi	1
2015-06-24	Bayji	2
2015-06-24	Fallujah	1
2015-06-24	Mosul	3
2015-06-24	Ramadi	3
2015-06-24	Tal Afar	3
2015-06-25	Ar Raqqah	1
2015-06-25	Dayr Az Zawr	1
2015-06-25	Kobani	10
2015-06-25	Tal Abyad	2
2015-06-25	Al Baghdadi	2
2015-06-25	Al Huwayjah	1
2015-06-25	Al Qaim	1
2015-06-25	Bayji	1
2015-06-25	Fallujah	1
2015-06-25	Kirkuk	1
2015-06-25	Makhmur	1
2015-06-25	Mosul	3
2015-06-25	Sinjar	1
2015-06-25	Tal Afar	2
2015-06-26	Al Hasakah	2
2015-06-26	Aleppo	1
2015-06-26	Ar Raqqah	5
2015-06-26	Kobani	4
2015-06-26	Tal Abyad	2
2015-06-26	Al Baghdadi	1
2015-06-26	Al Huwayjah	2
2015-06-26	Bayji	1
2015-06-26	Habbaniyah	1
2015-06-26	Tal Afar	2
2015-06-27	Aleppo	5
2015-06-27	Kobani	9
2015-06-27	Tal Abyad	3
2015-06-27	Bayji	2
2015-06-27	Fallujah	1
2015-06-27	Habbaniyah	2
2015-06-27	Makhmur	1
2015-06-27	Mosul	1
2015-06-27	Sinjar	1
2015-06-27	Tal Afar	2
2015-06-28	Ar Raqqah	1
2015-06-28	Al Hasakah	1
2015-06-28	Kobani	4
2015-06-28	Bayji	2
2015-06-28	Habbaniyah	2
2015-06-28	Haditha	1
2015-06-28	Makhmur	2
2015-06-28	Mosul	2
2015-06-28	Sinjar	3
2015-06-28	Tal Afar	5
2015-06-29	Al Hasakah	7
2015-06-29	Ar Raqqah	1
2015-06-29	Dayr Az Zawr	1
2015-06-29	Ar Raqqah	1
2015-06-29	Fallujah	1
2015-06-29	Haditha	2
2015-06-29	Mosul	2
2015-06-29	Waleed	1
2015-06-30	Al Hasakah	1
2015-06-30	Kobani	3
2015-06-30	Tal Abyad	1
2015-06-30	Al Baghdadi	1
2015-06-30	Al Huwayjah	1
2015-06-30	Al Qaim	1
2015-06-30	Habbaniyah	1
2015-06-30	Kirkuk	1
2015-06-30	Mosul	2
2015-06-30	Rawah	1
2015-06-30	Sinjar	3
2015-06-30	Waleed	1
2015-07-01	Al Hasakah	6
2015-07-01	Kobani	2
2015-07-01	Tal Abyad	2
2015-07-01	Al Huwayjah	2
2015-07-01	Fallujah	3
2015-07-01	Habbaniyah	1
2015-07-01	Haditha	1
2015-07-01	Makhmur	1
2015-07-01	Mosul	4
2015-07-01	Rawah	2
2015-07-01	Sinjar	4
2015-07-02	Al Hasakah	6
2015-07-02	Ar Raqqah	1
2015-07-02	Tal Abyad	2
2015-07-02	Al Huwayjah	1
2015-07-02	Bayji	1
2015-07-02	Fallujah	2
2015-07-02	Haditha	3
2015-07-02	Makhmur	1
2015-07-02	Mosul	2
2015-07-02	Rawah	1
2015-07-02	Sinjar	2
2015-07-02	Tal Afar	2
2015-07-03	Al Hasakah	6
2015-07-03	Aleppo	4
2015-07-03	Kobani	3
2015-07-03	Tal Abyad	1
2015-07-03	Al Huwayjah	1
2015-07-03	Fallujah	3
2015-07-03	Makhmur	1
2015-07-03	Mosul	2
2015-07-03	Sinjar	2
2015-07-04	Al Hasakah	5
2015-07-04	Ar Raqqah	18
2015-07-04	Kobani	3
2015-07-04	Bayji	1
2015-07-04	Fallujah	2
2015-07-04	Habbaniyah	1
2015-07-04	Haditha	1
2015-07-04	Makhmur	2
2015-07-04	Mosul	3
2015-07-04	Sinjar	1
2015-07-04	Tal Afar	1
2015-07-05	Al Hasakah	5
2015-07-05	Ar Raqqah	1
2015-07-05	Kobani	2
2015-07-05	Bayji	1
2015-07-05	Fallujah	3
2015-07-05	Haditha	1
2015-07-05	Kirkuk	1
2015-07-05	Makhmur	2
2015-07-05	Ramadi	1
2015-07-05	Sinjar	2
2015-07-06	Al Hasakah	4
2015-07-06	Aleppo	2
2015-07-06	Ar Raqqah	1
2015-07-06	Kobani	1
2015-07-06	Tal Abyad	7
2015-07-06	Al Asad	1
2015-07-06	Al Huwayjah	1
2015-07-06	Bayji	1
2015-07-06	Fallujah	2
2015-07-06	Haditha	5
2015-07-06	Kirkuk	1
2015-07-06	Makhmur	2
2015-07-06	Mosul	1
2015-07-06	Sinjar	1
2015-07-06	Tal Afar	1
2015-07-07	Al Hasakah	2
2015-07-07	Ar Raqqah	1
2015-07-07	Kobani	3
2015-07-07	Tal Abyad	5
2015-07-07	Fallujah	1
2015-07-07	Haditha	3
2015-07-07	Kirkuk	1
2015-07-07	Makhmur	1
2015-07-07	Mosul	1
2015-07-07	Ramadi	1
2015-07-07	Sinjar	3
2015-07-07	Tal Afar	3
2015-07-08	Al Bukamal	1
2015-07-08	Aleppo	2
2015-07-08	Ar Raqqah	1
2015-07-08	Kobani	2
2015-07-08	Tal Abyad	1
2015-07-08	Al Baghdadi	2
2015-07-08	Al Huwayjah	1
2015-07-08	Fallujah	3
2015-07-08	Haditha	1
2015-07-08	Kirkuk	1
2015-07-08	Makhmur	2
2015-07-08	Mosul	1
2015-07-08	Ramadi	1
2015-07-08	Sinjar	1
2015-07-08	Tal Afar	1
2015-07-09	Al Hasakah	7
2015-07-09	Aleppo	1
2015-07-09	Ar Raqqah	2
2015-07-09	Ayn Isa	1
2015-07-09	Kobani	1
2015-07-09	Tal Abyad	3
2015-07-09	Bayji	2
2015-07-09	Fallujah	1
2015-07-09	Habbaniyah	2
2015-07-09	Haditha	4
2015-07-09	Makhmur	2
2015-07-09	Mosul	2
2015-07-09	Sinjar	2
2015-07-09	Tal Afar	1
2015-07-10	Al Hasakah	12
2015-07-10	Ar Raqqah	3
2015-07-10	Kobani	2
2015-07-10	Bayji	1
2015-07-10	Fallujah	1
2015-07-10	Habbaniyah	4
2015-07-10	Haditha	1
2015-07-10	Makhmur	3
2015-07-10	Mosul	4
2015-07-10	Sinjar	1
2015-07-10	Tal Afar	2
2015-07-11	Al Hasakah	8
2015-07-11	Aleppo	1
2015-07-11	Ar Raqqah	6
2015-07-11	Kobani	1
2015-07-11	Al Huwayjah	1
2015-07-11	Bayji	2
2015-07-11	Fallujah	2
2015-07-11	Habbaniyah	2
2015-07-11	Makhmur	1
2015-07-11	Ramadi	1
2015-07-11	Sinjar	1
2015-07-11	Tal Afar	1
2015-07-12	Al Hasakah	7
2015-07-12	Ar Raqqah	1
2015-07-12	Kobani	1
2015-07-12	Al Huwayjah	1
2015-07-12	Habbaniyah	1
2015-07-12	Hit	1
2015-07-12	Makhmur	1
2015-07-12	Ramadi	29
2015-07-12	Sinjar	2
2015-07-12	Tal Afar	4
2015-07-13	Al Hasakah	2
2015-07-13	Aleppo	3
2015-07-13	Dayr Az Zawr	2
2015-07-13	Fallujah	6
2015-07-13	Habbaniyah	1
2015-07-13	Haditha	2
2015-07-13	Makhmur	1
2015-07-13	Mosul	2
2015-07-13	Ramadi	5
2015-07-13	Sinjar	2
2015-07-13	Tal Afar	1
2015-07-14	Al Hasakah	6
2015-07-14	Aleppo	6
2015-07-14	Ar Raqqah	1
2015-07-14	Dayr Az Zawr	1
2015-07-14	Kobani	1
2015-07-14	Tal Abyad	1
2015-07-14	Al Huwayjah	1
2015-07-14	Fallujah	2
2015-07-14	Kirkuk	4
2015-07-14	Mosul	5
2015-07-14	Ramadi	3
2015-07-14	Tal Afar	2
2015-07-15	Al Hasakah	4
2015-07-15	Aleppo	2
2015-07-15	Ar Raqqah	5
2015-07-15	Ayn Isa	2
2015-07-15	Tal Abyad	2
2015-07-15	Fallujah	3
2015-07-15	Habbaniyah	1
2015-07-15	Kirkuk	2
2015-07-15	Makhmur	1
2015-07-15	Mosul	2
2015-07-15	Ramadi	2
2015-07-15	Sinjar	1
2015-07-15	Tal Afar	4
2015-07-16	Al Hasakah	9
2015-07-16	Ar Raqqah	3
2015-07-16	Tal Abyad	2
2015-07-16	Bayji	3
2015-07-16	Habbaniyah	1
2015-07-16	Haditha	1
2015-07-16	Mosul	3
2015-07-16	Ramadi	2
2015-07-16	Tal Afar	2
2015-07-17	Al Hasakah	6
2015-07-17	Aleppo	6
2015-07-17	Ar Raqqah	1
2015-07-17	Dayr Az Zawr	1
2015-07-17	Kobani	1
2015-07-17	Tal Abyad	1
2015-07-17	Al Huwayjah	1
2015-07-17	Fallujah	2
2015-07-17	Kirkuk	4
2015-07-17	Mosul	5
2015-07-17	Ramadi	3
2015-07-17	Tal Afar	2
2015-07-18	Al Hasakah	8
2015-07-18	Ar Raqqah	1
2015-07-18	Al Huwayjah	1
2015-07-18	Makhmur	1
2015-07-18	Mosul	1
2015-07-18	Ramadi	6
2015-07-18	Sinjar	4
2015-07-18	Tal Afar	3
2015-07-19	Aleppo	1
2015-07-19	Al Hasakah	3
2015-07-19	Ar Raqqah	3
2015-07-19	Kobani	2
2015-07-19	Al Huwayjah	1
2015-07-19	Fallujah	1
2015-07-19	Habbaniyah	2
2015-07-19	Mosul	1
2015-07-19	Ramadi	2
2015-07-19	Sinjar	1
2015-07-19	Tal Afar	6
2015-07-20	Al Hasakah	7
2015-07-20	Dayr Az Zawr	3
2015-07-20	Kobani	2
2015-07-20	Habbaniyah	2
2015-07-20	Makhmur	1
2015-07-20	Mosul	4
2015-07-20	Ramadi	3
2015-07-20	Sinjar	2
2015-07-20	Tal Afar	4
2015-07-21	Al Hasakah	10
2015-07-21	Ar Raqqah	1
2015-07-21	Kobani	4
2015-07-21	Bayji	1
2015-07-21	Fallujah	1
2015-07-21	Habbaniyah	1
2015-07-21	Haditha	2
2015-07-21	Makhmur	1
2015-07-21	Mosul	2
2015-07-21	Ramadi	3
2015-07-21	Tal Afar	4
2015-07-22	Al Hasakah	3
2015-07-22	Kobani	4
2015-07-22	Habbaniyah	1
2015-07-22	Haditha	1
2015-07-22	Makhmur	2
2015-07-22	Mosul	2
2015-07-22	Ramadi	2
2015-07-22	Sinjar	1
2015-07-22	Tal Afar	2
2015-07-23	Al Hasakah	6
2015-07-23	Kobani	2
2015-07-23	Al Qaim	1
2015-07-23	Bayji	2
2015-07-23	Fallujah	3
2015-07-23	Habbaniyah	1
2015-07-23	Makhmur	4
2015-07-23	Mosul	4
2015-07-23	Ramadi	2
2015-07-23	Sinjar	1
2015-07-23	Tal Afar	1
2015-07-24	Al Hasakah	5
2015-07-24	Aleppo	2
2015-07-24	Ar Raqqah	1
2015-07-24	Kobani	5
2015-07-24	Al Asad	1
2015-07-24	Al Qaim	1
2015-07-24	Habbaniyah	2
2015-07-24	Haditha	1
2015-07-24	Makhmur	2
2015-07-24	Mosul	3
2015-07-24	Ramadi	5
2015-07-24	Sinjar	1
2015-07-24	Tuz	4
2015-07-25	Al Hasakah	5
2015-07-25	Aleppo	2
2015-07-25	Ar Raqqah	1
2015-07-25	Kobani	5
2015-07-25	Al Asad	1
2015-07-25	Al Qaim	1
2015-07-25	Habbaniyah	2
2015-07-25	Haditha	1
2015-07-25	Makhmur	2
2015-07-25	Mosul	3
2015-07-25	Ramadi	5
2015-07-25	Sinjar	1
2015-07-25	Tuz	4
2015-07-26	Al Hasakah	10
2015-07-26	Aleppo	1
2015-07-26	Kobani	2
2015-07-26	Al Huwayjah	1
2015-07-26	Ar Rutbah	1
2015-07-26	Habbaniyah	1
2015-07-26	Makhmur	2
2015-07-26	Mosul	1
2015-07-26	Ramadi	4
2015-07-26	Sinjar	2
2015-07-26	Tal Afar	1
2015-07-27	Al Hasakah	7
2015-07-27	Aleppo	2
2015-07-27	Al Qaim	1
2015-07-27	Bayji	3
2015-07-27	Habbaniyah	1
2015-07-27	Haditha	1
2015-07-27	Makhmur	3
2015-07-27	Mosul	2
2015-07-27	Ramadi	6
2015-07-27	Sinjar	5
2015-07-27	Tal Afar	1
2015-07-28	Al Hasakah	2
2015-07-28	Idlib	1
2015-07-28	Al Huwayjah	1
2015-07-28	Al Huwayjah	1
2015-07-28	Habbaniyah	1
2015-07-28	Haditha	1
2015-07-28	Mosul	1
2015-07-28	Ramadi	3
2015-07-28	Sinjar	1
2015-07-28	Tal Afar	1
2015-07-29	Al Hasakah	8
2015-07-29	Ar Raqqah	1
2015-07-29	Haditha	8
2015-07-29	Kirkuk	1
2015-07-29	Makhmur	3
2015-07-29	Mosul	4
2015-07-29	Ramadi	3
2015-07-29	Sinjar	1
2015-07-29	Tal Afar	2
2015-07-30	Al Hasakah	7
2015-07-30	Dayr Az Zawr	17
2015-07-30	Al Qaim	2
2015-07-30	Bayji	2
2015-07-30	Habbaniyah	2
2015-07-30	Haditha	2
2015-07-30	Makhmur	1
2015-07-30	Mosul	2
2015-07-30	Ramadi	4
2015-07-30	Sinjar	1
2015-07-30	Tal Afar	1
2015-07-31	Al Hasakah	5
2015-07-31	Aleppo	2
2015-07-31	Dayr Az Zawr	2
2015-07-31	Kobani	2
2015-07-31	Al Qaim	1
2015-07-31	Habbaniyah	1
2015-07-31	Haditha	2
2015-07-31	Makhmur	1
2015-07-31	Mosul	6
2015-07-31	Ramadi	4
2015-07-31	Sinjar	3
2015-07-31	Tal Afar	1
2015-08-01	Al Hasakah	1
2015-08-01	Dayr Az Zawr	1
2015-08-01	Kobani	4
2015-08-01	Al Huwayjah	1
2015-08-01	Fallujah	4
2015-08-01	Habbaniyah	1
2015-08-01	Makhmur	2
2015-08-01	Mosul	4
2015-08-01	Ramadi	4
2015-08-01	Sinjar	2
2015-08-02	Al Hasakah	6
2015-08-02	Ar Raqqah	1
2015-08-02	Kobani	1
2015-08-02	Al Huwayjah	3
2015-08-02	Fallujah	2
2015-08-02	Haditha	2
2015-08-02	Makhmur	2
2015-08-02	Mosul	4
2015-08-02	Ramadi	3
2015-08-02	Sinjar	1
2015-08-02	Tal Afar	4
2015-08-03	Al Hasakah	2
2015-08-03	Dayr Az Zawr	1
2015-08-03	Al Huwayjah	1
2015-08-03	Bayji	2
2015-08-03	Haditha	1
2015-08-03	Makhmur	1
2015-08-03	Mosul	2
2015-08-03	Ramadi	3
2015-08-03	Sinjar	2
2015-08-03	Tal Afar	3
2015-08-03	Tuz	1
2015-08-04	Al Hasakah	5
2015-08-04	Ar Raqqah	2
2015-08-04	Fallujah	1
2015-08-04	Habbaniyah	1
2015-08-04	Hit	1
2015-08-04	Makhmur	3
2015-08-04	Mosul	5
2015-08-04	Ramadi	2
2015-08-04	Sinjar	8
2015-08-04	Tal Afar	1
2015-08-05	Al Hasakah	7
2015-08-05	Aleppo	2
2015-08-05	Ar Raqqah	1
2015-08-05	Kobani	1
2015-08-05	Al Huwayjah	2
2015-08-05	Bayji	4
2015-08-05	Habbaniyah	3
2015-08-05	Hit	1
2015-08-05	Makhmur	3
2015-08-05	Ramadi	1
2015-08-05	Sinjar	1
2015-08-05	Tal Afar	1
2015-08-06	Al Hasakah	1
2015-08-06	Aleppo	2
2015-08-06	Ayn Isa	1
2015-08-06	Dayr Az Zawr	2
2015-08-06	Al Huwayjah	2
2015-08-06	Fallujah	1
2015-08-06	Makhmur	3
2015-08-06	Mosul	1
2015-08-06	Ramadi	1
2015-08-06	Sinjar	1
2015-08-07	Al Hasakah	6
2015-08-07	Aleppo	1
2015-08-07	Aleppo	1
2015-08-07	Dayr Az Zawr	1
2015-08-07	Al Baghdadi	1
2015-08-07	Bayji	1
2015-08-07	Fallujah	1
2015-08-07	Habbaniyah	1
2015-08-07	Haditha	3
2015-08-07	Mosul	1
2015-08-07	Ramadi	1
2015-08-07	Sinjar	1
2015-08-08	Al Hasakah	4
2015-08-08	Aleppo	2
2015-08-08	Kobani	1
2015-08-08	Fallujah	1
2015-08-08	Habbaniyah	1
2015-08-08	Kirkuk	1
2015-08-08	Makhmur	1
2015-08-08	Mosul	5
2015-08-08	Ramadi	3
2015-08-08	Sinjar	3
2015-08-08	Tal Afar	1
2015-08-09	Al Hasakah	5
2015-08-09	Aleppo	1
2015-08-09	Ar Raqqah	1
2015-08-09	Tal Abyad	1
2015-08-09	Al Huwayjah	1
2015-08-09	Bayji	4
2015-08-09	Fallujah	2
2015-08-09	Habbaniyah	1
2015-08-09	Makhmur	4
2015-08-09	Mosul	1
2015-08-09	Ramadi	5
2015-08-09	Sinjar	1
2015-08-09	Tal Afar	2
2015-08-10	Al Hasakah	5
2015-08-10	Aleppo	1
2015-08-10	Dayr Az Zawr	1
2015-08-10	Kobani	3
2015-08-10	Bayji	3
2015-08-10	Fallujah	1
2015-08-10	Haditha	2
2015-08-10	Kirkuk	1
2015-08-10	Makhmur	2
2015-08-10	Mosul	4
2015-08-10	Ramadi	2
2015-08-10	Sinjar	1
2015-08-10	Tal Afar	3
2015-08-10	Tuz	1
2015-08-11	Al Hasakah	5
2015-08-11	Aleppo	3
2015-08-11	Dayr Az Zawr	1
2015-08-11	Al Huwayjah	2
2015-08-11	Bayji	1
2015-08-11	Makhmur	2
2015-08-11	Ramadi	3
2015-08-11	Sinjar	1
2015-08-11	Tal Afar	1
2015-08-12	Abu Kamal	2
2015-08-12	Al Hasakah	5
2015-08-12	Aleppo	3
2015-08-12	Kobani	2
2015-08-12	Al Baghdadi	1
2015-08-12	Bayji	1
2015-08-12	Haditha	2
2015-08-12	Kirkuk	1
2015-08-12	Makhmur	1
2015-08-12	Mosul	2
2015-08-12	Ramadi	2
2015-08-12	Sinjar	1
2015-08-12	Tal Afar	1
2015-08-13	Al Hasakah	3
2015-08-13	Aleppo	2
2015-08-13	Ar Raqqah	2
2015-08-13	Kobani	1
2015-08-13	Al Huwayjah	1
2015-08-13	Bayji	1
2015-08-13	Fallujah	1
2015-08-13	Habbaniyah	1
2015-08-13	Kirkuk	1
2015-08-13	Makhmur	1
2015-08-13	Mosul	2
2015-08-13	Ramadi	6
2015-08-13	Sinjar	2
2015-08-13	Tal Afar	6
2015-08-13	Tuz	1
2015-08-14	Al Hasakah	3
2015-08-14	Aleppo	2
2015-08-14	Al Baghdadi	1
2015-08-14	Bayji	1
2015-08-14	Fallujah	1
2015-08-14	Haditha	3
2015-08-14	Kirkuk	1
2015-08-14	Makhmur	1
2015-08-14	Mosul	1
2015-08-14	Ramadi	5
2015-08-14	Sinjar	1
2015-08-15	Al Hasakah	3
2015-08-15	Aleppo	1
2015-08-15	Ayn Isa	2
2015-08-15	Kobani	1
2015-08-15	Al Qaim	1
2015-08-15	Bayji	1
2015-08-15	Fallujah	4
2015-08-15	Habbaniyah	1
2015-08-15	Makhmur	1
2015-08-15	Mosul	4
2015-08-15	Ramadi	2
2015-08-15	Sinjar	1
2015-08-16	Al Hasakah	2
2015-08-16	Aleppo	2
2015-08-16	Kobani	1
2015-08-16	Al Qaim	1
2015-08-16	Bayji	2
2015-08-16	Habbaniyah	1
2015-08-16	Makhmur	1
2015-08-16	Mosul	2
2015-08-16	Ramadi	3
2015-08-16	Sinjar	2
2015-08-16	Tuz	1
2015-08-17	Al Hasakah	2
2015-08-17	Kobani	1
2015-08-17	Ar Rutbah	3
2015-08-17	Bayji	2
2015-08-17	Haditha	2
2015-08-17	Makhmur	3
2015-08-17	Mosul	1
2015-08-17	Ramadi	2
2015-08-17	Sinjar	1
2015-08-17	Tal Afar	2
2015-08-17	Tuz	1
2015-08-18	Al Hasakah	5
2015-08-18	Aleppo	2
2015-08-18	Ar Raqqah	1
2015-08-18	Bayji	2
2015-08-18	Habbaniyah	2
2015-08-18	Makhmur	5
2015-08-18	Mosul	1
2015-08-18	Ramadi	2
2015-08-18	Sinjar	2
2015-08-18	Tal Afar	1
2015-08-18	Tuz	3
2015-08-19	Al Hasakah	2
2015-08-19	Aleppo	4
2015-08-19	Kobani	2
2015-08-19	Ar Rutbah	3
2015-08-19	Bayji	2
2015-08-19	Makhmur	1
2015-08-19	Mosul	5
2015-08-19	Ramadi	2
2015-08-19	Sinjar	1
2015-08-19	Tuz	7
2015-08-20	Al Hasakah	3
2015-08-20	Al Hawl	3
2015-08-20	Aleppo	2
2015-08-20	Kobani	2
2015-08-20	Ar Rutbah	1
2015-08-20	Bayji	4
2015-08-20	Habbaniyah	1
2015-08-20	Haditha	1
2015-08-20	Kirkuk	1
2015-08-20	Kisik	2
2015-08-20	Mosul	6
2015-08-20	Ramadi	3
2015-08-20	Sinjar	1
2015-08-20	Tuz	3
2015-08-21	Al Hasakah	1
2015-08-21	Al Hawl	3
2015-08-21	Kobani	1
2015-08-21	Al Baghdadi	1
2015-08-21	Bayji	4
2015-08-21	Habbaniyah	1
2015-08-21	Haditha	1
2015-08-21	Kisik	2
2015-08-21	Mosul	4
2015-08-21	Ramadi	2
2015-08-21	Sinjar	1
2015-08-21	Sultan Abdallah	1
2015-08-21	Tal Afar	2
2015-08-21	Tuz	3
2015-08-22	Al Hasakah	4
2015-08-22	Al Hawl	1
2015-08-22	Ar Raqqah	2
2015-08-22	Ayn Isa	1
2015-08-22	Washiyah	1
2015-08-22	Al Baghdadi	1
2015-08-22	Ar Rutbah	1
2015-08-22	Bayji	2
2015-08-22	Mosul	2
2015-08-22	Ramadi	2
2015-08-22	Sinjar	4
2015-08-22	Tuz	5
2015-08-23	Al Hasakah	3
2015-08-23	Al Hawl	2
2015-08-23	Ayn Isa	1
2015-08-23	Kobani	1
2015-08-23	Washiyah	1
2015-08-23	Bayji	1
2015-08-23	Fallujah	2
2015-08-23	Kisik	1
2015-08-23	Mosul	1
2015-08-23	Qayyarah	2
2015-08-23	Ramadi	1
2015-08-23	Sultan Abdallah	1
2015-08-23	Tuz	3
2015-08-24	Al Hasakah	2
2015-08-24	Al Hawl	1
2015-08-24	Ar Raqqah	1
2015-08-24	Washiyah	1
2015-08-24	Al Baghdadi	3
2015-08-24	Bayji	2
2015-08-24	Fallujah	1
2015-08-24	Kisik	2
2015-08-24	Mosul	5
2015-08-24	Sinjar	4
2015-08-24	Sultan Abdallah	1
2015-08-24	Tal Afar	1
2015-08-24	Tuz	12
2015-08-25	Ayn Isa	1
2015-08-25	Kobani	1
2015-08-25	Bayji	2
2015-08-25	Fallujah	1
2015-08-25	Mosul	3
2015-08-25	Ramadi	2
2015-08-25	Sinjar	3
2015-08-25	Tuz	7
2015-08-26	Al Hawl	3
2015-08-26	Kobani	1
2015-08-26	Bayji	5
2015-08-26	Fallujah	1
2015-08-26	Kisik	2
2015-08-26	Mosul	2
2015-08-26	Ramadi	2
2015-08-26	Sinjar	2
2015-08-26	Sultan Abdallah	1
2015-08-26	Tuz	6
2015-08-27	Aleppo	1
2015-08-27	Ar Raqqah	1
2015-08-27	Al Hasakah	1
2015-08-27	Kobani	1
2015-08-27	Washiyah	3
2015-08-27	Bayji	2
2015-08-27	Habbaniyah	1
2015-08-27	Haditha	1
2015-08-27	Kirkuk	1
2015-08-27	Kisik	2
2015-08-27	Mosul	2
2015-08-27	Ramadi	1
2015-08-27	Sinjar	2
2015-08-27	Tuz	1
2015-08-28	Al Hasakah	4
2015-08-28	Al Hawl	2
2015-08-28	Washiyah	1
2015-08-28	Al Baghdadi	1
2015-08-28	Bayji	4
2015-08-28	Habbaniyah	1
2015-08-28	Kisik	1
2015-08-28	Makhmur	1
2015-08-28	Mosul	1
2015-08-28	Ramadi	1
2015-08-28	Sinjar	2
2015-08-28	Tal Afar	1
2015-08-28	Tuz	2
2015-08-29	Al Hawl	1
2015-08-29	Ar Raqqah	1
2015-08-29	Kobani	4
2015-08-29	Washiyah	1
2015-08-29	Bayji	2
2015-08-29	Habbaniyah	1
2015-08-29	Kisik	1
2015-08-29	Ramadi	5
2015-08-29	Sinjar	1
2015-08-29	Tuz	3
2015-08-30	Al Hawl	1
2015-08-30	Al Baghdadi	1
2015-08-30	Bayji	1
2015-08-30	Kisik	1
2015-08-30	Ramadi	1
2015-08-30	Sinjar	2
2015-08-30	Sultan Abdallah	2
2015-08-30	Tal Afar	1
2015-08-30	Tuz	2
2015-08-31	Al Hawl	1
2015-08-31	Kobani	2
2015-08-31	Mar’a	2
2015-08-31	Washiyah	1
2015-08-31	Al Baghdadi	1
2015-08-31	Bayji	2
2015-08-31	Haditha	1
2015-08-31	Kisik	1
2015-08-31	Mosul	4
2015-08-31	Ramadi	3
2015-08-31	Sinjar	1
2015-09-01	Al Hawl	1
2015-09-01	Ar Raqqah	1
2015-09-01	Mar’a	2
2015-09-01	Washiyah	1
2015-09-01	Al Qaim	1
2015-09-01	Bayji	1
2015-09-01	Haditha	1
2015-09-01	Mosul	2
2015-09-01	Qayyarah	1
2015-09-01	Sinjar	1
2015-09-01	Tal Afar	1
2015-09-02	Al Hawl	1
2015-09-02	Ar Raqqah	2
2015-09-02	Dayr Az Zawr	1
2015-09-02	Kobani	2
2015-09-02	Mar’a	1
2015-09-02	Al Huwayjah	1
2015-09-02	Bayji	2
2015-09-02	Fallujah	1
2015-09-02	Habbaniyah	1
2015-09-02	Haditha	1
2015-09-02	Kirkuk	1
2015-09-02	Kisik	1
2015-09-02	Mosul	4
2015-09-02	Ramadi	2
2015-09-02	Sinjar	2
2015-09-02	Tuz	1
2015-09-03	Al Hasakah	2
2015-09-03	Ar Raqqah	2
2015-09-03	Mar’a	2
2015-09-03	Al Baghdadi	1
2015-09-03	Bayji	3
2015-09-03	Habbaniyah	1
2015-09-03	Haditha	2
2015-09-03	Hit	1
2015-09-03	Kirkuk	1
2015-09-03	Kisik	1
2015-09-03	Mosul	1
2015-09-03	Ramadi	1
2015-09-03	Sinjar	2
2015-09-03	Tuz	1
2015-09-04	Ar Raqqah	1
2015-09-04	Mar’a	6
2015-09-04	Tal Abyad	1
2015-09-04	Al Huwayjah	1
2015-09-04	Bayji	3
2015-09-04	Habbaniyah	1
2015-09-04	Haditha	1
2015-09-04	Hit	1
2015-09-04	Kisik	3
2015-09-04	Mosul	3
2015-09-04	Ramadi	7
2015-09-04	Rawah	1
2015-09-04	Sinjar	1
2015-09-04	Sultan Abdallah	1
2015-09-04	Tuz	2
2015-09-05	Mar’a	3
2015-09-05	Tal Abyad	1
2015-09-05	Bayji	2
2015-09-05	Fallujah	5
2015-09-05	Hit	2
2015-09-05	Kisik	1
2015-09-05	Mosul	3
2015-09-05	Sinjar	1
2015-09-05	Tuz	3
2015-09-06	Ar Raqqah	1
2015-09-06	Mar’a	1
2015-09-06	Tamakh	2
2015-09-06	Al Baghdadi	1
2015-09-06	Ar Rutbah	1
2015-09-06	Bayji	1
2015-09-06	Fallujah	1
2015-09-06	Habbaniyah	1
2015-09-06	Kisik	1
2015-09-06	Ramadi	1
2015-09-06	Sinjar	2
2015-09-06	Tal Afar	1
2015-09-06	Tuz	1
2015-09-07	Al Hawl	1
2015-09-07	Ayn Isa	1
2015-09-07	Mar’a	3
2015-09-07	Al Huwayjah	1
2015-09-07	Bayji	3
2015-09-07	Fallujah	2
2015-09-07	Kisik	1
2015-09-07	Mosul	1
2015-09-07	Ramadi	2
2015-09-07	Sinjar	1
2015-09-07	Sultan Abdallah	1
2015-09-07	Tal Afar	1
2015-09-07	Tuz	1
2015-09-08	Al Hawl	1
2015-09-08	Ar Raqqah	1
2015-09-08	Mar’a	1
2015-09-08	Al Huwayjah	1
2015-09-08	Bayji	1
2015-09-08	Fallujah	1
2015-09-08	Habbaniyah	2
2015-09-08	Kirkuk	1
2015-09-08	Kisik	1
2015-09-08	Ramadi	3
2015-09-08	Sinjar	1
2015-09-08	Tal Afar	2
2015-09-09	Abu Kamal	1
2015-09-09	Al Hasakah	3
2015-09-09	Al Hawl	1
2015-09-09	Ar Raqqah	1
2015-09-09	Kobani	2
2015-09-09	Mar’a	1
2015-09-09	Palmyra	1
2015-09-09	Al Baghdadi	1
2015-09-09	Bayji	2
2015-09-09	Habbaniyah	1
2015-09-09	Kisik	1
2015-09-09	Mosul	2
2015-09-09	Ramadi	2
2015-09-09	Rawah	1
2015-09-09	Sinjar	3
2015-09-09	Tal Afar	1
2015-09-09	Tuz	4
2015-09-10	Al Hawl	2
2015-09-10	Palmyra	1
2015-09-10	Al Huwayjah	3
2015-09-10	Bayji	2
2015-09-10	Fallujah	1
2015-09-10	Hit	1
2015-09-10	Kisik	3
2015-09-10	Mosul	4
2015-09-10	Ramadi	1
2015-09-10	Sinjar	1
2015-09-10	Tal Afar	1
2015-09-10	Tuz	10
2015-09-11	Abu Kamal	2
2015-09-11	Al Hasakah	1
2015-09-11	Bayji	2
2015-09-11	Hit	2
2015-09-11	Kirkuk	1
2015-09-11	Kisik	2
2015-09-11	Mosul	2
2015-09-11	Ramadi	3
2015-09-11	Sinjar	1
2015-09-11	Sultan Abdallah	1
2015-09-11	Tuz	8
2015-09-12	Al Hawl	2
2015-09-12	Ar Raqqah	1
2015-09-12	Kobani	1
2015-09-12	Mar’a	3
2015-09-12	Bayji	1
2015-09-12	Fallujah	6
2015-09-12	Kisik	1
2015-09-12	Mosul	3
2015-09-12	Ramadi	3
2015-09-12	Sinjar	2
2015-09-12	Tuz	2
2015-09-13	Dayr Az Zawr	2
2015-09-13	Kobani	1
2015-09-13	Mar’a	1
2015-09-13	Al Huwayjah	1
2015-09-13	Bayji	4
2015-09-13	Fallujah	1
2015-09-13	Haditha	1
2015-09-13	Kisik	4
2015-09-13	Mosul	3
2015-09-13	Ramadi	2
2015-09-13	Sultan Abdallah	1
2015-09-13	Tuz	1
2015-09-14	Al Hasakah	2
2015-09-14	Dayr Az Zawr	1
2015-09-14	Al Baghdadi	1
2015-09-14	Al Huwayjah	2
2015-09-14	Bayji	3
2015-09-14	Habbaniyah	1
2015-09-14	Kirkuk	1
2015-09-14	Mosul	3
2015-09-14	Ramadi	1
2015-09-14	Sinjar	3
2015-09-15	Mar’a	1
2015-09-15	Abu Kamal	2
2015-09-15	Al Baghdadi	1
2015-09-15	Bayji	2
2015-09-15	Fallujah	1
2015-09-15	Hit	1
2015-09-15	Kirkuk	1
2015-09-15	Mosul	2
2015-09-15	Sinjar	2
2015-09-15	Sultan Abdallah	1
2015-09-16	Ar Raqqah	1
2015-09-16	Al Huwayjah	1
2015-09-16	Bayji	4
2015-09-16	Fallujah	1
2015-09-16	Kirkuk	2
2015-09-16	Kisik	1
2015-09-16	Mosul	8
2015-09-16	Ramadi	1
2015-09-16	Sinjar	3
2015-09-23	Al Hasakah	2
2015-09-23	Ar Raqqah	1
2015-09-23	Mar’a	1
2015-09-23	Al Huwayjah	1
2015-09-23	Habbaniyah	1
2015-09-23	Kirkuk	1
2015-09-23	Mosul	6
2015-09-23	Ramadi	3
2015-09-23	Sinjar	3
2015-09-23	Tal Afar	1
2015-09-24	Dayr Az Zawr	1
2015-09-24	Al Huwayjah	2
2015-09-24	Bayji	1
2015-09-24	Habbaniyah	1
2015-09-24	Hit	1
2015-09-24	Kirkuk	1
2015-09-24	Mosul	4
2015-09-24	Qayyarah	1
2015-09-24	Ramadi	5
2015-09-24	Rawah	1
2015-09-24	Sinjar	1
2015-09-24	Sultan Abdallah	1
2015-09-24	Tal Afar	1
2015-09-25	Al Hawl	1
2015-09-25	Al Baghdadi	1
2015-09-25	Al Huwayjah	4
2015-09-25	Al Qaim	1
2015-09-25	Albu Hayat	2
2015-09-25	Bayji	3
2015-09-25	Habbaniyah	2
2015-09-25	Mosul	5
2015-09-25	Ramadi	2
2015-09-25	Sinjar	3
2015-09-25	Tal Afar	1
2015-09-26	Al Hasakah	1
2015-09-26	Abu Kamal	1
2015-09-26	Mar’a	1
2015-09-26	Al Huwayjah	3
2015-09-26	Fallujah	2
2015-09-26	Hit	5
2015-09-26	Kirkuk	1
2015-09-26	Mosul	3
2015-09-26	Ramadi	2
2015-09-26	Sinjar	2
2015-09-26	Tal Afar	2
2015-09-27	Abu Kamal	1
2015-09-27	Ar Raqqah	1
2015-09-27	Mar’a	1
2015-09-27	Al Huwayjah	2
2015-09-27	Bayji	1
2015-09-27	Habbaniyah	2
2015-09-27	Kirkuk	3
2015-09-27	Mosul	3
2015-09-27	Ramadi	4
2015-09-27	Sinjar	2
2015-09-27	Sultan Abdallah	2
2015-09-27	Tal Afar	1
2015-09-28	Abu Kamal	2
2015-09-28	Dayr Az Zawr	1
2015-09-28	Mar’a	2
2015-09-28	Al Asad	1
2015-09-28	Al Huwayjah	3
2015-09-28	Bayji	2
2015-09-28	Habbaniyah	1
2015-09-28	Kirkuk	1
2015-09-28	Kisik	1
2015-09-28	Ramadi	2
2015-09-28	Sinjar	1
2015-09-29	Dayr Az Zawr	1
2015-09-29	Washiyah	1
2015-09-29	Palmyra	2
2015-09-29	Al Huwayjah	8
2015-09-29	Bayji	2
2015-09-29	Habbaniyah	2
2015-09-29	Kirkuk	3
2015-09-29	Kisik	1
2015-09-29	Mosul	2
2015-09-29	Ramadi	3
2015-09-29	Sinjar	1
2015-09-29	Sultan Abdallah	2
2015-09-29	Tal Afar	2
2015-09-30	Mar’a	1
2015-09-30	Al Huwayjah	7
2015-09-30	Bayji	2
2015-09-30	Fallujah	1
2015-09-30	Habbaniyah	1
2015-09-30	Kirkuk	4
2015-09-30	Ramadi	2
2015-09-30	Sinjar	2
2015-09-30	Sultan Abdallah	1
2015-09-30	Tal Afar	1
2015-10-01	Al Hasakah	6
2015-10-01	Palmyra	1
2015-10-01	Dayr Az Zawr	1
2015-10-01	Al Huwayjah	6
2015-10-01	Albu Hayat	1
2015-10-01	Bayji	2
2015-10-01	Kirkuk	2
2015-10-01	Kisik	1
2015-10-01	Ramadi	2
2015-10-01	Mosul	1
2015-10-01	Sinjar	4
2015-10-01	Tal Afar	1
2015-10-02	Al Hasakah	4
2015-10-02	Kobani	1
2015-10-02	Abu Kamal	2
2015-10-02	Al Hawl	2
2015-10-02	Dayr Az Zawr	1
2015-10-02	Al Baghdadi	1
2015-10-02	Al Huwayjah	2
2015-10-02	Bayji	1
2015-10-02	Kirkuk	1
2015-10-02	Kisik	1
2015-10-02	Mosul	3
2015-10-02	Ramadi	6
2015-10-02	Sinjar	2
2015-10-03	Al Hasakah	3
2015-10-03	Ar Raqqah	1
2015-10-03	Mar’a	1
2015-10-03	Washiyah	1
2015-10-03	Al Baghdadi	1
2015-10-03	Al Huwayjah	2
2015-10-03	Fallujah	1
2015-10-03	Kirkuk	1
2015-10-03	Ramadi	3
2015-10-03	Sinjar	1
2015-10-03	Sultan Abdallah	1
2015-10-04	Al Hasakah	6
2015-10-04	Al Hawl	1
2015-10-04	Palmyra	1
2015-10-04	Al Baghdadi	1
2015-10-04	Al Huwayjah	1
2015-10-04	Bayji	1
2015-10-04	Fallujah	1
2015-10-04	Habbaniyah	1
2015-10-04	Hit	1
2015-10-04	Kisik	1
2015-10-04	Mosul	2
2015-10-04	Ramadi	2
2015-10-04	Sinjar	2
2015-10-05	Al Hasakah	5
2015-10-05	Dayr Az Zawr	1
2015-10-05	Manbij	1
2015-10-05	Al Huwayjah	3
2015-10-05	Habbaniyah	1
2015-10-05	Mosul	1
2015-10-05	Ramadi	9
2015-10-05	Sinjar	2
2015-10-05	Sultan Abdallah	1
2015-10-06	Abu Kamal	3
2015-10-06	Habbaniyah	1
2015-10-06	Kirkuk	2
2015-10-06	Kisik	3
2015-10-06	Makhmur	1
2015-10-06	Mosul	3
2015-10-06	Ramadi	5
2015-10-06	Sinjar	1
2015-10-06	Sultan Abdallah	1
2015-10-06	Tal Afar	2
2015-10-06	Tikrit	1
2015-10-07	Al Hawl	2
2015-10-07	Bayji	2
2015-10-07	Kirkuk	2
2015-10-07	Mosul	2
2015-10-07	Ramadi	5
2015-10-07	Sinjar	6
2015-10-07	Sultan Abdallah	1
2015-10-08	Ar Raqqah	1
2015-10-08	Mar’a	1
2015-10-08	Bayji	1
2015-10-08	Habbaniyah	2
2015-10-08	Hit	1
2015-10-08	Kisik	2
2015-10-08	Mosul	1
2015-10-08	Ramadi	3
2015-10-08	Sinjar	2
2015-10-08	Sultan Abdallah	1
2015-10-09	Al Hasakah	1
2015-10-09	Ar Raqqah	1
2015-10-09	Manbij	1
2015-10-09	Mar’a	1
2015-10-09	Palmyra	1
2015-10-09	Al Huwayjah	3
2015-10-09	Fallujah	1
2015-10-09	Habbaniyah	2
2015-10-09	Hit	1
2015-10-09	Kirkuk	1
2015-10-09	Kisik	3
2015-10-09	Mosul	1
2015-10-09	Ramadi	4
2015-10-09	Sinjar	1
2015-10-09	Sultan Abdallah	3
2015-10-10	Al Hasakah	1
2015-10-10	Al Hawl	1
2015-10-10	Ar Raqqah	1
2015-10-10	Manbij	1
2015-10-10	Palmyra	1
2015-10-10	Dayr Az Zawr	1
2015-10-10	Washiyah	1
2015-10-10	Al Huwayjah	1
2015-10-10	Bayji	1
2015-10-10	Fallujah	1
2015-10-10	Habbaniyah	2
2015-10-10	Kirkuk	1
2015-10-10	Kisik	1
2015-10-10	Ramadi	4
2015-10-10	Sinjar	3
2015-10-10	Sultan Abdallah	1
2015-10-10	Tal Afar	2
2015-10-11	Al Hasakah	1
2015-10-11	Washiyah	1
2015-10-11	Al Baghdadi	1
2015-10-11	Bayji	3
2015-10-11	Fallujah	1
2015-10-11	Kisik	1
2015-10-11	Mosul	1
2015-10-11	Ramadi	7
2015-10-11	Sinjar	1
2015-10-11	Sultan Abdallah	1
2015-10-11	Tal Afar	1
2015-10-11	Waleed	1
2015-10-12	Al Hawl	1
2015-10-12	Abu Kamal	1
2015-10-12	Dayr Az Zawr	1
2015-10-12	Al Huwayjah	2
2015-10-12	Bayji	1
2015-10-12	Habbaniyah	1
2015-10-12	Mosul	1
2015-10-12	Ramadi	4
2015-10-12	Sinjar	1
2015-10-12	Tal Afar	1
2015-10-13	Al Hawl	1
2015-10-13	Ar Raqqah	1
2015-10-13	Al Baghdadi	1
2015-10-13	Bayji	2
2015-10-13	Kisik	1
2015-10-13	Mosul	3
2015-10-13	Ramadi	4
2015-10-13	Samarra	1
2015-10-13	Sinjar	3
2015-10-13	Tal Afar	1
2015-10-14	Al Bab	1
2015-10-14	Ar Raqqah	1
2015-10-14	Manbij	1
2015-10-14	Tal Jibbin	1
2015-10-14	Washiyah	2
2015-10-14	Al Baghdadi	3
2015-10-14	Al Huwayjah	1
2015-10-14	Bayji	2
2015-10-14	Habbaniyah	1
2015-10-14	Hit	1
2015-10-14	Kisik	1
2015-10-14	Ramadi	4
2015-10-14	Sinjar	4
2015-10-15	Aleppo	1
2015-10-15	Washiyah	1
2015-10-15	Mar’a	1
2015-10-15	Al Baghdadi	1
2015-10-15	Al Huwayjah	1
2015-10-15	Bayji	2
2015-10-15	Kisik	1
2015-10-15	Mosul	3
2015-10-15	Qayyarah	2
2015-10-15	Ramadi	7
2015-10-15	Sinjar	1
2015-10-15	Tal Afar	3
2015-10-16	Ar Raqqah	1
2015-10-16	Mar’a	1
2015-10-16	Al Baghdadi	1
2015-10-16	Albu Hayat	1
2015-10-16	Bayji	1
2015-10-16	Kisik	3
2015-10-16	Mosul	2
2015-10-16	Ramadi	3
2015-10-16	Sinjar	3
2015-10-16	Tal Afar	2
2015-10-16	Waleed	1
2015-10-17	Abu Kamal	2
2015-10-17	Aleppo	1
2015-10-17	Ar Raqqah	2
2015-10-17	Bayji	1
2015-10-17	Habbaniyah	1
2015-10-17	Kisik	2
2015-10-17	Mosul	3
2015-10-17	Qayyarah	1
2015-10-17	Ramadi	3
2015-10-17	Sinjar	5
2015-10-17	Sultan Abdallah	1
2015-10-17	Tal Afar	1
2015-10-18	Manbij	1
2015-10-18	Al Baghdadi	1
2015-10-18	Bayji	2
2015-10-18	Fallujah	1
2015-10-18	Kisik	1
2015-10-18	Ramadi	4
2015-10-18	Sinjar	4
2015-10-18	Tal Afar	4
2015-10-19	Ar Raqqah	1
2015-10-19	Tal Jibbin	1
2015-10-19	Kisik	2
2015-10-19	Makhmur	1
2015-10-19	Mosul	1
2015-10-19	Ramadi	2
2015-10-19	Sinjar	8
2015-10-19	Tal Afar	1
2015-10-20	Manbij	4
2015-10-20	Kisik	6
2015-10-20	Ramadi	2
2015-10-20	Sinjar	4
2015-10-20	Sultan Abdallah	1
2015-10-20	Tal Afar	1
2015-10-21	Ar Raqqah	1
2015-10-21	Washiyah	1
2015-10-21	Mar’a	1
2015-10-21	Dayr Az Zawr	5
2015-10-21	Kirkuk	1
2015-10-21	Mosul	1
2015-10-21	Ramadi	3
2015-10-21	Sinjar	1
2015-10-21	Sultan Abdallah	1
2015-10-21	Tal Afar	7
2015-10-22	Al Huwayjah	2
2015-10-22	Mar’a	1
2015-10-22	Kisik	1
2015-10-22	Makhmur	1
2015-10-22	Mosul	4
2015-10-22	Ramadi	3
2015-10-22	Sinjar	3
2015-10-22	Tal Afar	2
2015-10-22	Sultan Abdallah	1
2015-10-23	Al Baghdadi	1
2015-10-23	Al Qaim	1
2015-10-23	Albu Hayat	1
2015-10-23	Ar Rutbah	1
2015-10-23	Fallujah	1
2015-10-23	Kisik	1
2015-10-23	Mosul	2
2015-10-23	Ramadi	7
2015-10-23	Sinjar	3
2015-10-23	Sultan Abdallah	1
2015-10-23	Tal Afar	2
2015-10-24	Bayji	1
2015-10-24	Fallujah	1
2015-10-24	Kisik	8
2015-10-24	Mosul	2
2015-10-24	Ramadi	5
2015-10-24	Sinjar	5
2015-10-25	Bayji	1
2015-10-25	Habbaniyah	2
2015-10-25	Kisik	1
2015-10-25	Mosul	1
2015-10-25	Ramadi	5
2015-10-25	Sinjar	3
2015-10-25	Sultan Abdallah	1
2015-10-25	Tal Afar	1
2015-10-26	Mar’a	1
2015-10-26	Kisik	3
2015-10-26	Ramadi	3
2015-10-26	Sinjar	6
2015-10-27	Mosul	2
2015-10-27	Ramadi	2
2015-10-27	Samarra	1
2015-10-27	Sinjar	4
2015-10-27	Sultan Abdallah	1
2015-10-27	Tal Afar	4
2015-10-28	Al Huwayjah	2
2015-10-28	Mosul	1
2015-10-28	Ramadi	2
2015-10-28	Sinjar	3
2015-10-28	Sultan Abdallah	2
2015-10-28	Tal Afar	3
2015-10-29	Mar’a	1
2015-10-29	Bayji	1
2015-10-29	Mosul	1
2015-10-29	Ramadi	2
2015-10-29	Sinjar	4
2015-10-29	Tal Afar	3
2015-10-30	Al Hawl	2
2015-10-30	Ar Raqqah	1
2015-10-30	Dayr Az Zawr	4
2015-10-30	Al Qaim	1
2015-10-30	Kisik	1
2015-10-30	Mosul	1
2015-10-30	Qayyarah	1
2015-10-30	Ramadi	4
2015-10-30	Sinjar	4
2015-10-30	Sultan Abdallah	1
2015-10-30	Tal Afar	1
2015-10-31	Al Hawl	3
2015-10-31	Mar’a	6
2015-10-31	Al Huwayjah	1
2015-10-31	Bayji	1
2015-10-31	Mosul	2
2015-10-31	Ramadi	3
2015-10-31	Sinjar	7
2015-10-31	Sultan Abdallah	1
2015-10-31	Tal Afar	1
2015-10-31	Al Hawl	3
2015-10-31	Mar’a	6
2015-10-31	Al Huwayjah	1
2015-10-31	Bayji	1
2015-10-31	Mosul	2
2015-10-31	Ramadi	3
2015-10-31	Sinjar	7
2015-10-31	Sultan Abdallah	1
2015-10-31	Tal Afar	1
2015-11-01	Al Hawl	1
2015-11-01	Al Hasakah	2
2015-11-01	Ar Raqqah	1
2015-11-01	Mar’a	6
2015-11-01	Bayji	1
2015-11-01	Habbaniyah	1
2015-11-01	Kisik	1
2015-11-01	Makhmur	1
2015-11-01	Mosul	3
2015-11-01	Ramadi	4
2015-11-01	Sinjar	5
2015-11-01	Tal Afar	1
2015-11-02	Al Hasakah	3
2015-11-02	Mar’a	2
2015-11-02	Dayr Az Zawr	2
2015-11-02	Al Huwayjah	1
2015-11-02	Albu Hayat	1
2015-11-02	Bayji	1
2015-11-02	Habbaniyah	1
2015-11-02	Kisik	1
2015-11-02	Mosul	3
2015-11-02	Sinjar	4
2015-11-02	Ramadi	3
2015-11-03	Al Hasakah	2
2015-11-03	Al Hawl	2
2015-11-03	Dayr Az Zawr	2
2015-11-03	Al Baghdadi	1
2015-11-03	Albu Hayat	2
2015-11-03	Bayji	1
2015-11-03	Mosul	1
2015-11-03	Ramadi	5
2015-11-03	Sinjar	9
2015-11-04	Mar’a	1
2015-11-04	Al Hasakah	1
2015-11-04	Al Hawl	1
2015-11-04	Al Huwayjah	1
2015-11-04	Albu Hayat	1
2015-11-04	Bayji	1
2015-11-04	Fallujah	1
2015-11-04	Mosul	2
2015-11-04	Ramadi	3
2015-11-04	Sinjar	8
2015-11-04	Sultan Abdallah	3
2015-11-05	Al Hawl	3
2015-11-05	Al Hasakah	2
2015-11-05	Abu Kamal	4
2015-11-05	Albu Hayat	1
2015-11-05	Fallujah	1
2015-11-05	Kisik	1
2015-11-05	Ramadi	4
2015-11-05	Sinjar	6
2015-11-05	Sultan Abdallah	1
2015-11-06	Al Hawl	2
2015-11-06	Dayr Az Zawr	1
2015-11-06	Mar’a	2
2015-11-06	Fallujah	1
2015-11-06	Kisik	1
2015-11-06	Mosul	1
2015-11-06	Ramadi	4
2015-11-06	Sinjar	6
2015-11-06	Sultan Abdallah	1
2015-11-06	Tal Afar	1
2015-11-07	Al Hasakah	3
2015-11-07	Al Hawl	6
2015-11-07	Mar’a	2
2015-11-07	Washiyah	1
2015-11-07	Albu Hayat	1
2015-11-07	Mosul	1
2015-11-07	Qayyarah	1
2015-11-07	Ramadi	4
2015-11-07	Sinjar	11
2015-11-07	Sultan Abdallah	1
2015-11-08	Abu Kamal	3
2015-11-08	Al Hasakah	4
2015-11-08	Al Hawl	5
2015-11-08	Dayr Az Zawr	1
2015-11-08	Albu Hayat	2
2015-11-08	Kisik	2
2015-11-08	Mosul	1
2015-11-08	Ramadi	2
2015-11-08	Sinjar	4
2015-11-09	Al Hasakah	3
2015-11-09	Al Hawl	6
2015-11-09	Dayr Az Zawr	6
2015-11-09	Albu Hayat	2
2015-11-09	Fallujah	1
2015-11-09	Ramadi	4
2015-11-09	Sinjar	7
2015-11-09	Tal Afar	2
2015-11-10	Al Hasakah	2
2015-11-10	Al Hawl	5
2015-11-10	Dayr Az Zawr	2
2015-11-10	Mar’a	1
2015-11-10	Palmyra	1
2015-11-10	Kisik	1
2015-11-10	Mosul	1
2015-11-10	Ramadi	3
2015-11-10	Sinjar	6
2015-11-10	Sultan Abdallah	1
2015-11-10	Al Huwayjah	4
2015-11-10	Albu Hayat	1
2015-11-11	Al Hawl	8
2015-11-11	Albu Hayat	1
2015-11-11	Kisik	2
2015-11-11	Mosul	1
2015-11-11	Ramadi	6
2015-11-11	Sinjar	24
2015-11-11	Tal Afar	6
2015-11-12	Al Hawl	7
2015-11-12	Ar Raqqah	1
2015-11-12	Albu Hayat	1
2015-11-12	Ramadi	2
2015-11-12	Sinjar	12
2015-11-12	Tal Afar	1
2015-11-12	Kisik	1
2015-11-12	Mosul	1
2015-11-13	Al Hawl	4
2015-11-13	Ar Raqqah	2
2015-11-13	Mar’a	1
2015-11-13	Bayji	2
2015-11-13	Kisik	1
2015-11-13	Ramadi	9
2015-11-13	Sinjar	6
2015-11-13	Sultan Abdallah	1
2015-11-13	Tal Afar	1
2015-11-14	Al Hasakah	2
2015-11-14	Ar Raqqah	1
2015-11-14	Mar’a	1
2015-11-14	Al Hawl	1
2015-11-14	Dayr Az Zawr	1
2015-11-14	Kisik	3
2015-11-14	Mosul	1
2015-11-14	Qayyarah	1
2015-11-14	Ramadi	3
2015-11-14	Sinjar	4
2015-11-15	Abu Kamal	1
2015-11-15	Al Hasakah	1
2015-11-15	Al Hawl	2
2015-11-15	Ar Raqqah	1
2015-11-15	Ayn Isa	3
2015-11-15	Mar’a	1
2015-11-15	Palmyra	1
2015-11-15	Al Baghdadi	2
2015-11-15	Albu Hayat	1
2015-11-15	Fallujah	1
2015-11-15	Kisik	1
2015-11-15	Qayyarah	1
2015-11-15	Ramadi	5
2015-11-15	Sinjar	2
2015-11-16	Al Hasakah	2
2015-11-16	Abu Kamal	1
2015-11-16	Dayr Az Zawr	3
2015-11-16	Kirkuk	1
2015-11-16	Kisik	5
2015-11-16	Mosul	1
2015-11-16	Ramadi	5
2015-11-16	Sinjar	3
2015-11-16	Sultan Abdallah	2
2015-11-17	Abu Kamal	2
2015-11-17	Al Hasakah	4
2015-11-17	Al Hawl	3
2015-11-17	Ar Raqqah	4
2015-11-17	Kisik	3
2015-11-17	Mosul	4
2015-11-17	Ramadi	6
2015-11-17	Sinjar	1
2015-11-17	Sultan Abdallah	2
2015-11-18	Palmyra	1
2015-11-18	Mar’a	1
2015-11-18	Al Hasakah	4
2015-11-18	Dayr Az Zawr	1
2015-11-18	Ar Raqqah	1
2015-11-18	Kirkuk	1
2015-11-18	Kisik	6
2015-11-18	Mosul	4
2015-11-18	Ramadi	4
2015-11-18	Sinjar	4
2015-11-19	Bayji	1
2015-11-19	Fallujah	2
2015-11-19	Kisik	3
2015-11-19	Mosul	1
2015-11-19	Qayyarah	3
2015-11-19	Ramadi	5
2015-11-19	Sinjar	3
2015-11-19	Tal Afar	2
2015-11-20	Abu Kamal	1
2015-11-20	Al Hasakah	4
2015-11-20	Al Hawl	2
2015-11-20	Ar Raqqah	1
2015-11-20	Dayr Az Zawr	1
2015-11-20	Mar’a	13
2015-11-20	Albu Hayat	1
2015-11-20	Bayji	1
2015-11-20	Kisik	3
2015-11-20	Mosul	4
2015-11-20	Qayyarah	1
2015-11-20	Ramadi	6
2015-11-20	Sinjar	2
2015-11-20	Sultan Abdallah	2
2015-11-21	Al Hasakah	5
2015-11-21	Al Hawl	3
2015-11-21	Mar’a	1
2015-11-21	Haditha	1
2015-11-21	Hit	1
2015-11-21	Kisik	1
2015-11-21	Mosul	1
2015-11-21	Ramadi	5
2015-11-21	Sinjar	3
2015-11-21	Sultan Abdallah	1
2015-11-21	Tal Afar	1
2015-11-21	Tikrit	2
2015-11-21	Dayr Az Zawr	1
2015-11-21	Al Hasakah	1
2015-11-22	Mar’a	2
2015-11-22	Abu Kamal	2
2015-11-22	Al Hasakah	4
2015-11-22	Al Hawl	2
2015-11-22	Ayn Isa	4
2015-11-22	Albu Hayat	1
2015-11-22	Ar Rutbah	1
2015-11-22	Fallujah	3
2015-11-22	Habbaniyah	1
2015-11-22	Kisik	1
2015-11-22	Makhmur	1
2015-11-22	Mosul	1
2015-11-22	Ramadi	5
2015-11-22	Sinjar	2
2015-11-22	Sultan Abdallah	2
2015-11-22	Hit	1
2015-11-23	Al Hasakah	3
2015-11-23	Al Hawl	2
2015-11-23	Ar Raqqah	1
2015-11-23	Mar’a	3
2015-11-23	Al Baghdadi	1
2015-11-23	Fallujah	2
2015-11-23	Mosul	2
2015-11-23	Ramadi	8
2015-11-23	Sinjar	1
2015-11-23	Sultan Abdallah	3
2015-11-24	Al Hasakah	3
2015-11-24	Ayn Isa	1
2015-11-24	Mar’a	1
2015-11-24	Bayji	1
2015-11-24	Fallujah	1
2015-11-24	Kisik	1
2015-11-24	Makhmur	1
2015-11-24	Mosul	3
2015-11-24	Qayyarah	1
2015-11-24	Ramadi	6
2015-11-24	Sinjar	2
2015-11-24	Sultan Abdallah	1
2015-11-24	Tal Afar	1
2015-11-25	Al Hawl	2
2015-11-25	Ar Raqqah	2
2015-11-25	Al Baghdadi	1
2015-11-25	Albu Hayat	1
2015-11-25	Kisik	2
2015-11-25	Mosul	5
2015-11-25	Ramadi	7
2015-11-25	Sinjar	5
2015-11-25	Sultan Abdallah	2
2015-11-26	Fallujah	2
2015-11-26	Kisik	2
2015-11-26	Ramadi	7
2015-11-26	Sinjar	5
2015-11-26	Sultan Abdallah	1
2015-11-26	Tal Afar	1
2015-11-27	Ayn Isa	3
2015-11-27	Al Baghdadi	2
2015-11-27	Albu Hayat	1
2015-11-27	Mosul	3
2015-11-27	Ramadi	7
2015-11-27	Sinjar	4
2015-11-28	Ar Raqqah	2
2015-11-28	Dayr Az Zawr	1
2015-11-28	Al Huwayjah	1
2015-11-28	Al Qaim	2
2015-11-28	Fallujah	1
2015-11-28	Habbaniyah	1
2015-11-28	Hit	1
2015-11-28	Kisik	1
2015-11-28	Mosul	1
2015-11-28	Qayyarah	1
2015-11-28	Ramadi	7
2015-11-28	Sinjar	1
2015-11-28	Sultan Abdallah	1
2015-11-28	Tal Afar	1
2015-11-29	Dayr Az Zawr	1
2015-11-29	Al Hawl	2
2015-11-29	Albu Hayat	1
2015-11-29	Fallujah	1
2015-11-29	Habbaniyah	1
2015-11-29	Mosul	1
2015-11-29	Qayyarah	1
2015-11-29	Ramadi	5
2015-11-29	Sinjar	2
2015-11-30	Al Hawl	1
2015-11-30	Al Huwayjah	1
2015-11-30	Habbaniyah	1
2015-11-30	Makhmur	1
2015-11-30	Ramadi	5
2015-11-30	Sinjar	3
2015-11-30	Al Qaim	1
2015-11-30	Sultan Abdallah	1
2015-12-01	Ayn Isa	2
2015-12-01	Albu Hayat	1
2015-12-01	Ramadi	9
2015-12-01	Sinjar	1
2015-12-01	Sultan Abdallah	2
2015-12-01	Tal Afar	2
2015-12-02	Ar Raqqah	1
2015-12-02	Abu Kamal	3
2015-12-02	Al Hasakah	1
2015-12-02	Ayn Isa	1
2015-12-02	Dayr Az Zawr	6
2015-12-02	Mar’a	2
2015-12-02	Al Huwayjah	1
2015-12-02	Fallujah	1
2015-12-02	Mosul	2
2015-12-02	Ramadi	8
2015-12-02	Sinjar	1
2015-12-02	Sultan Abdallah	2
2015-12-02	Hit	1
2015-12-02	Tal Afar	2
2015-12-03	Dayr Az Zawr	6
2015-12-03	Abu Kamal	2
2015-12-03	Ayn Isa	4
2015-12-03	Mar’a	8
2015-12-03	Kisik	1
2015-12-03	Ramadi	4
2015-12-03	Mosul	1
2015-12-04	Al Hawl	3
2015-12-04	Ar Raqqah	1
2015-12-04	Ayn Isa	1
2015-12-04	Dayr Az Zawr	3
2015-12-04	Mar’a	3
2015-12-04	Habbaniyah	1
2015-12-04	Kisik	1
2015-12-04	Mosul	2
2015-12-04	Ramadi	7
2015-12-04	Sinjar	1
2015-12-05	Mar’a	2
2015-12-05	Ayn Isa	4
2015-12-05	Dayr Az Zawr	5
2015-12-05	Ar Raqqah	1
2015-12-05	Al Huwayjah	3
2015-12-05	Albu Hayat	1
2015-12-05	Mosul	4
2015-12-05	Ramadi	6
2015-12-05	Sinjar	2
2015-12-05	Sultan Abdallah	1
2015-12-06	Al Hawl	4
2015-12-06	Dayr Az Zawr	4
2015-12-06	Mar’a	1
2015-12-06	Kisik	2
2015-12-06	Mosul	1
2015-12-06	Ramadi	7
2015-12-06	Tal Afar	1
2015-12-07	Al Hawl	5
2015-12-07	Ar Raqqah	1
2015-12-07	Mar’a	5
2015-12-07	Al Huwayjah	4
2015-12-07	Kisik	3
2015-12-07	Mosul	1
2015-12-07	Ramadi	6
2015-12-07	Sinjar	1
2015-12-07	Tal Afar	2
2015-12-07	Hit	1
2015-12-07	Qayyarah	2
2015-12-08	Dayr Az Zawr	1
2015-12-08	Mar’a	1
2015-12-08	Abu Kamal	1
2015-12-08	Ar Raqqah	1
2015-12-08	Al Huwayjah	1
2015-12-08	Albu Hayat	1
2015-12-08	Kirkuk	1
2015-12-08	Kisik	1
2015-12-08	Mosul	2
2015-12-08	Qayyarah	7
2015-12-08	Ramadi	4
2015-12-08	Sinjar	3
2015-12-08	Al Baghdadi	1
2015-12-08	Fallujah	1
2015-12-09	Ar Raqqah	1
2015-12-09	Ayn Isa	1
2015-12-09	Kobani	1
2015-12-09	Al Huwayjah	2
2015-12-09	Al Qaim	2
2015-12-09	Fallujah	1
2015-12-09	Kisik	3
2015-12-09	Mosul	2
2015-12-09	Qayyarah	1
2015-12-09	Ramadi	6
2015-12-09	Sinjar	2
2015-12-09	Sultan Abdallah	1
2015-12-10	Ar Raqqah	1
2015-12-10	Mar’a	3
2015-12-10	Al Huwayjah	1
2015-12-10	Mosul	5
2015-12-10	Qayyarah	2
2015-12-10	Ramadi	5
2015-12-10	Sinjar	3
2015-12-10	Sultan Abdallah	1
2015-12-10	Al Baghdadi	1
2015-12-10	Fallujah	1
2015-12-10	Habbaniyah	1
2015-12-10	Tikrit	1
2015-12-11	Manbij	1
2015-12-11	Mar’a	4
2015-12-11	Al Baghdadi	1
2015-12-11	Makhmur	1
2015-12-11	Mosul	4
2015-12-11	Ramadi	3
2015-12-11	Sinjar	3
2015-12-12	Abu Kamal	1
2015-12-12	Ar Raqqah	2
2015-12-12	Ayn Isa	1
2015-12-12	Manbij	1
2015-12-12	Mar’a	2
2015-12-12	Fallujah	2
2015-12-12	Mosul	1
2015-12-12	Qayyarah	2
2015-12-12	Ramadi	6
2015-12-12	Rawah	1
2015-12-12	Sinjar	1
2015-12-12	Sultan Abdallah	1
2015-12-12	Tal Afar	1
2015-12-13	Dayr Az Zawr	1
2015-12-13	Manbij	1
2015-12-13	Mar’a	1
2015-12-13	Al Huwayjah	1
2015-12-13	Kisik	3
2015-12-13	Mosul	2
2015-12-13	Ramadi	3
2015-12-13	Sinjar	3
2015-12-13	Tikrit	1
2015-12-14	Ayn Isa	1
2015-12-14	Manbij	2
2015-12-14	Mar’a	3
2015-12-14	Al Huwayjah	1
2015-12-14	Ramadi	4
2015-12-14	Sinjar	3
2015-12-15	Ayn Isa	1
2015-12-15	Manbij	2
2015-12-15	Mar’a	3
2015-12-15	Al Qaim	3
2015-12-15	Hit	1
2015-12-15	Kisik	1
2015-12-15	Ramadi	5
2015-12-15	Sinjar	1
2015-12-15	Fallujah	1
2015-12-16	Ar Raqqah	3
2015-12-16	Al Hawl	1
2015-12-16	Manbij	2
2015-12-16	Mar’a	1
2015-12-16	Fallujah	1
2015-12-16	Hit	1
2015-12-16	Kirkuk	1
2015-12-16	Mosul	2
2015-12-16	Ramadi	4
2015-12-16	Sinjar	2
2015-12-17	Ayn Isa	1
2015-12-17	Ayn Isa	1
2015-12-17	Al Baghdadi	1
2015-12-17	Fallujah	3
2015-12-17	Kisik	3
2015-12-17	Mosul	4
2015-12-17	Ramadi	3
2015-12-17	Sinjar	4
2015-12-17	Sultan Abdallah	1
2015-12-18	Ayn Isa	2
2015-12-18	Manbij	1
2015-12-18	Fallujah	2
2015-12-18	Kirkuk	1
2015-12-18	Makhmur	1
2015-12-18	Mosul	6
2015-12-18	Ramadi	4
2015-12-18	Sinjar	3
2015-12-20	Mar’a	2
2015-12-20	Ayn Isa	1
2015-12-20	Bayji	2
2015-12-20	Mosul	6
2015-12-20	Ramadi	4
2015-12-20	Ar Raqqah	1
2015-12-21	Al Hasakah	1
2015-12-21	Al Hawl	2
2015-12-21	Ar Raqqah	1
2015-12-21	Mar’a	4
2015-12-21	Fallujah	2
2015-12-21	Kisik	1
2015-12-21	Mosul	7
2015-12-21	Qayyarah	1
2015-12-21	Ramadi	6
2015-12-22	Al Hawl	2
2015-12-22	Al Hasakah	1
2015-12-22	Manbij	2
2015-12-22	Mar’a	2
2015-12-22	Ar Raqqah	1
2015-12-22	Al Huwayjah	1
2015-12-22	Habbaniyah	5
2015-12-22	Mosul	8
2015-12-22	Ramadi	4
2015-12-22	Sinjar	1
2015-12-22	Sultan Abdallah	1
2015-12-22	Fallujah	1
2015-12-22	Kisik	2
2015-12-22	Tal Afar	1
2015-12-23	Ayn Isa	1
2015-12-23	Mar’a	1
2015-12-23	Manbij	4
2015-12-23	Albu Hayat	2
2015-12-23	Kisik	1
2015-12-23	Mosul	9
2015-12-23	Ramadi	5
2015-12-23	Sultan Abdallah	1
2015-12-24	Ayn Isa	1
2015-12-24	Ar Raqqah	2
2015-12-24	Dayr Az Zawr	1
2015-12-24	Mar’a	3
2015-12-24	Manbij	5
2015-12-24	Al Baghdadi	3
2015-12-24	Al Huwayjah	1
2015-12-24	Kirkuk	1
2015-12-24	Makhmur	1
2015-12-24	Mosul	7
2015-12-24	Ramadi	3
2015-12-24	Sinjar	1
2015-12-24	Tal Afar	1
2015-12-24	Albu Hayat	1
2015-12-25	Ar Raqqah	1
2015-12-25	Manbij	3
2015-12-25	Mar’a	1
2015-12-25	Fallujah	2
2015-12-25	Mosul	2
2015-12-25	Qayyarah	1
2015-12-25	Ramadi	3
2015-12-25	Sinjar	4
2015-12-25	Manbij	1
2015-12-25	Ramadi	3
2015-12-26	Manbij	3
2015-12-26	Ar Raqqah	2
2015-12-26	Albu Hayat	1
2015-12-26	Mosul	7
2015-12-26	Ramadi	4
2015-12-26	Sinjar	6
2015-12-26	Tal Afar	7
2015-12-26	Fallujah	2
2015-12-26	Kisik	1
2015-12-27	Hasakah	2
2015-12-27	Ar Raqqah	1
2015-12-27	Manbij	11
2015-12-27	Mar’a	2
2015-12-27	Al Baghdadi	1
2015-12-27	Fallujah	1
2015-12-27	Kisik	3
2015-12-27	Mosul	8
2015-12-27	Ramadi	3
2015-12-27	Sinjar	1
2015-12-27	Sultan Abdallah	1
2015-12-27	Tal Afar	3
2015-12-27	Mar’a	2
2015-12-28	Al Hawl	1
2015-12-28	Manbij	5
2015-12-28	Mar’a	3
2015-12-28	Fallujah	2
2015-12-28	Kirkuk	1
2015-12-28	Kisik	3
2015-12-28	Mosul	5
2015-12-28	Qayyarah	2
2015-12-28	Ramadi	7
2015-12-28	Sinjar	1
2015-12-28	Tal Afar	1
2015-12-29	Al Hasakah	1
2015-12-29	Aleppo	1
2015-12-29	Ayn Isa	1
2015-12-29	Dayr Az Zawr	1
2015-12-29	Fallujah	1
2015-12-29	Kisik	1
2015-12-29	Mosul	9
2015-12-29	Ramadi	7
2015-12-29	Sinjar	2
2015-12-29	Sultan Abdallah	2
2015-12-29	Albu Hayat	1
2015-12-29	Hit	1
2015-12-30	Hit	1
2015-12-30	Kisik	1
2015-12-30	Mosul	3
2015-12-30	Ramadi	4
2015-12-30	Sinjar	3
2015-12-30	Sultan Abdallah	1
2015-12-30	Tal Afar	11
2015-12-31	Hit	1
2015-12-31	Kisik	1
2015-12-31	Mosul	3
2015-12-31	Ramadi	4
2015-12-31	Sinjar	3
2015-12-31	Sultan Abdallah	1
2015-12-31	Tal Afar	11
2016-01-01	Abu Kamal	1
2016-01-01	Ar Raqqah	3
2016-01-01	Ayn Isa	2
2016-01-01	Al Baghdadi	1
2016-01-01	Albu Hayat	1
2016-01-01	Kisik	9
2016-01-01	Mosul	3
2016-01-01	Ramadi	5
2016-01-01	Sinjar	2
2016-01-01	Tal Afar	4
2016-01-02	Dayr Az Zawr	3
2016-01-02	Manbij	1
2016-01-02	Ayn Isa	1
2016-01-02	Washiyah	1
2016-01-02	Fallujah	1
2016-01-02	Kirkuk	1
2016-01-02	Kisik	1
2016-01-02	Mosul	5
2016-01-02	Qayyarah	1
2016-01-02	Ramadi	7
2016-01-02	Sinjar	2
2016-01-02	Sultan Abdallah	1
2016-01-02	Tal Afar	1
2016-01-03	Ayn Isa	1
2016-01-03	Al Baghdadi	2
2016-01-03	Fallujah	1
2016-01-03	Haditha	1
2016-01-03	Kisik	3
2016-01-03	Mosul	12
2016-01-03	Qayyarah	1
2016-01-03	Ramadi	2
2016-01-03	Sinjar	2
2016-01-03	Tal Afar	1
2016-01-04	Ayn Isa	1
2016-01-04	Ramadi	2
2016-01-04	Haditha	2
2016-01-04	Kisik	4
2016-01-04	Mosul	6
2016-01-04	Sinjar	3
2016-01-04	Sultan Abdallah	2
2016-01-05	Ar Raqqah	1
2016-01-05	Al Huwayjah	1
2016-01-05	Haditha	1
2016-01-05	Kisik	5
2016-01-05	Mosul	1
2016-01-05	Ramadi	8
2016-01-05	Sinjar	1
2016-01-05	Sultan Abdallah	1
2016-01-05	Tal Afar	1
2016-01-05	Ramadi	1
2016-01-06	Manbij	14
2016-01-06	Al Baghdadi	2
2016-01-06	Al Huwayjah	1
2016-01-06	Albu Hayat	1
2016-01-06	Habbaniyah	2
2016-01-06	Haditha	1
2016-01-06	Hit	2
2016-01-06	Mosul	4
2016-01-06	Ramadi	6
2016-01-06	Sinjar	3
2016-01-07	Ayn Isa	2
2016-01-07	Manbij	1
2016-01-07	Al Qaim	1
2016-01-07	Haditha	2
2016-01-07	Erbil	1
2016-01-07	Kisik	2
2016-01-07	Mosul	7
2016-01-07	Qayyarah	1
2016-01-07	Ramadi	6
2016-01-07	Sinjar	1
2016-01-07	Sultan Abdallah	2
2016-01-08	Dayr Az Zawr	1
2016-01-08	Manbij	12
2016-01-08	Haditha	1
2016-01-08	Mosul	4
2016-01-08	Ramadi	6
2016-01-08	Sinjar	1
2016-01-08	Sultan Abdallah	1
2016-01-09	Abu Kamal	1
2016-01-09	Ar Raqqah	2
2016-01-09	Ayn Isa	1
2016-01-09	Dayr Az Zawr	1
2016-01-09	Manbij	3
2016-01-09	Mar’a	2
2016-01-09	Washiyah	1
2016-01-09	Albu Hayat	1
2016-01-09	Habbaniyah	1
2016-01-09	Haditha	1
2016-01-09	Kisik	2
2016-01-09	Mosul	2
2016-01-09	Qayyarah	1
2016-01-09	Ramadi	6
2016-01-09	Tal Afar	1
2016-01-10	Abu Kamal	1
2016-01-10	Ar Raqqah	2
2016-01-10	Ayn Isa	2
2016-01-10	Dayr Az Zawr	2
2016-01-10	Manbij	3
2016-01-10	Mar’a	4
2016-01-10	Haditha	2
2016-01-10	Hit	1
2016-01-10	Kisik	1
2016-01-10	Mosul	4
2016-01-10	Qayyarah	2
2016-01-10	Ramadi	2
2016-01-11	Ayn Isa	1
2016-01-11	Dayr Az Zawr	1
2016-01-11	Manbij	2
2016-01-11	Al Baghdadi	1
2016-01-11	Habbaniyah	1
2016-01-11	Mosul	8
2016-01-11	Qayyarah	1
2016-01-11	Al Huwayjah	1
2016-01-11	Kisik	3
2016-01-11	Ramadi	2
2016-01-11	Sultan Abdallah	1
2016-01-11	Tal Afar	1
2016-01-12	Al Hasakah	2
2016-01-12	Ayn Isa	2
2016-01-12	Dayr Az Zawr	2
2016-01-12	Manbij	1
2016-01-12	Tal Abyad	1
2016-01-12	Kisik	4
2016-01-12	Mosul	7
2016-01-12	Ramadi	4
2016-01-12	Sultan Abdallah	1
2016-01-14	Mar’a	3
2016-01-14	Manbij	1
2016-01-14	Ar Raqqah	1
2016-01-14	Al Baghdadi	1
2016-01-14	Albu Hayat	1
2016-01-14	Balad	1
2016-01-14	Habbaniyah	1
2016-01-14	Kisik	1
2016-01-14	Mosul	7
2016-01-14	Ramadi	5
2016-01-14	Sultan Abdallah	1
2016-01-14	Tikrit	1
2016-01-15	Abu Kamal	1
2016-01-15	Al Hasakah	2
2016-01-15	Ar Raqqah	1
2016-01-15	Ayn Isa	2
2016-01-15	Mar’a	5
2016-01-15	Al Huwayjah	1
2016-01-15	Albu Hayat	1
2016-01-15	Kisik	1
2016-01-15	Mosul	8
2016-01-15	Ramadi	6
2016-01-15	Tal Afar	1
2016-01-16	Ar Raqqah	1
2016-01-16	Manbij	1
2016-01-16	Mar’a	1
2016-01-16	Albu Hayat	2
2016-01-16	Kisik	3
2016-01-16	Mosul	10
2016-01-16	Qayyarah	4
2016-01-16	Ramadi	5
2016-01-16	Sultan Abdallah	1
2016-01-16	Tal Afar	1
2016-01-17	Ar Raqqah	2
2016-01-17	Al Hasakah	1
2016-01-17	Ayn Isa	1
2016-01-17	Manbij	3
2016-01-17	Mar’a	3
2016-01-17	Kisik	3
2016-01-17	Mosul	10
2016-01-17	Ramadi	8
2016-01-17	Sinjar	1
2016-01-17	Qayyarah	3
2016-01-18	Ayn Isa	2
2016-01-18	Al Hasakah	1
2016-01-18	Al Huwayjah	1
2016-01-18	Kisik	2
2016-01-18	Mosul	5
2016-01-18	Qayyarah	1
2016-01-18	Ramadi	9
2016-01-18	Sinjar	3
2016-01-19	Habbaniyah	1
2016-01-19	Haditha	1
2016-01-19	Kisik	2
2016-01-19	Mosul	3
2016-01-19	Ramadi	6
2016-01-19	Sinjar	1
